alcance,filas,consulta,fuente,primera_s,mediana_s,minimo_s
1 mes (2026-01),3553835,CREATE TABLE,tabla,0.8807,0.8807,0.8807
1 mes (2026-01),3553835,06_q1_overall,parquet,0.0838,0.0834,0.0826
1 mes (2026-01),3553835,06_q1_overall,tabla,0.007,0.0068,0.0066
1 mes (2026-01),3553835,06_q2_monthly,parquet,0.0737,0.0737,0.0733
1 mes (2026-01),3553835,06_q2_monthly,tabla,0.0075,0.0068,0.0066
1 mes (2026-01),3553835,06_q3_hourly,parquet,0.0905,0.0895,0.0883
1 mes (2026-01),3553835,06_q3_hourly,tabla,0.0074,0.0065,0.0064
1 mes (2026-01),3553835,06_q4_selective,parquet,0.0498,0.0488,0.0453
1 mes (2026-01),3553835,06_q4_selective,tabla,0.0025,0.0023,0.0022
1 mes (2026-01),3553835,06_q5_heavy,parquet,0.1466,0.1324,0.1294
1 mes (2026-01),3553835,06_q5_heavy,tabla,0.0477,0.0398,0.0378
1 anio (2026),28539846,CREATE TABLE,tabla,4.1441,4.1441,4.1441
1 anio (2026),28539846,06_q1_overall,parquet,0.4607,0.379,0.3714
1 anio (2026),28539846,06_q1_overall,tabla,0.0564,0.0508,0.0472
1 anio (2026),28539846,06_q2_monthly,parquet,0.3398,0.3245,0.3127
1 anio (2026),28539846,06_q2_monthly,tabla,0.042,0.0435,0.0419
1 anio (2026),28539846,06_q3_hourly,parquet,0.4116,0.3984,0.3931
1 anio (2026),28539846,06_q3_hourly,tabla,0.065,0.0613,0.057
1 anio (2026),28539846,06_q4_selective,parquet,0.0641,0.0575,0.0552
1 anio (2026),28539846,06_q4_selective,tabla,0.0027,0.0024,0.0023
1 anio (2026),28539846,06_q5_heavy,parquet,0.8477,0.6403,0.6148
1 anio (2026),28539846,06_q5_heavy,tabla,0.4413,0.2796,0.2603
2 anios (2025+2026),73253392,CREATE TABLE,tabla,10.7303,10.7303,10.7303
2 anios (2025+2026),73253392,06_q1_overall,parquet,1.012,1.0016,0.9597
2 anios (2025+2026),73253392,06_q1_overall,tabla,0.1445,0.1254,0.12
2 anios (2025+2026),73253392,06_q2_monthly,parquet,0.8886,0.8886,0.8593
2 anios (2025+2026),73253392,06_q2_monthly,tabla,0.1037,0.1041,0.1021
2 anios (2025+2026),73253392,06_q3_hourly,parquet,1.1302,1.037,1.0252
2 anios (2025+2026),73253392,06_q3_hourly,tabla,0.1838,0.1327,0.1239
2 anios (2025+2026),73253392,06_q4_selective,parquet,0.0637,0.0646,0.0619
2 anios (2025+2026),73253392,06_q4_selective,tabla,0.0029,0.0025,0.0022
2 anios (2025+2026),73253392,06_q5_heavy,parquet,1.9181,1.6329,1.6
2 anios (2025+2026),73253392,06_q5_heavy,tabla,1.1486,0.6067,0.5895
3 anios (2024+2025+2026),113555207,CREATE TABLE,tabla,14.8601,14.8601,14.8601
3 anios (2024+2025+2026),113555207,06_q1_overall,parquet,1.6388,1.4069,1.3768
3 anios (2024+2025+2026),113555207,06_q1_overall,tabla,0.2346,0.1946,0.1839
3 anios (2024+2025+2026),113555207,06_q2_monthly,parquet,1.3601,1.2366,1.2226
3 anios (2024+2025+2026),113555207,06_q2_monthly,tabla,0.1609,0.1563,0.1552
3 anios (2024+2025+2026),113555207,06_q3_hourly,parquet,1.6314,1.5891,1.5607
3 anios (2024+2025+2026),113555207,06_q3_hourly,tabla,0.2674,0.1905,0.1866
3 anios (2024+2025+2026),113555207,06_q4_selective,parquet,0.1244,0.1151,0.1114
3 anios (2024+2025+2026),113555207,06_q4_selective,tabla,0.0036,0.0031,0.0026
3 anios (2024+2025+2026),113555207,06_q5_heavy,parquet,3.0352,2.7333,2.5384
3 anios (2024+2025+2026),113555207,06_q5_heavy,tabla,1.6085,0.8666,0.8435
